"","yearnest","cumulative.rain","nestling","extract","sex","year","nest","treatment","repeat.","round","fledged","mass","male"
"1","2012-11",190.5,"DC038",101,"F","2012","11","P",1,"1",1,30,0
"2","2012-19",190.5,"DC115",131,"F","2012","19","P",1,"1",0,29.1,0
"3","2012-2",191.7,"DC074",122,"F","2012","2","W",1,"1",1,27,0
"4","2012-20",190.5,"DC066",117,"M","2012","20","W",1,"1",1,38.1,1
"5","2012-20",190.5,"DC064",116,"F","2012","20","W",1,"1",1,31.8,0
"6","2012-24",190.5,"DC031",97,"M","2012","24","W",1,"1",1,36.9,1
"7","2012-24",190.5,"DC030",96,NA,"2012","24","W",1,"1",1,36.6,NA
"8","2012-24",190.5,"DC029",95,"M","2012","24","W",1,"1",1,39.8,1
"9","2012-25",190.5,"DC053",112,"M","2012","25","P",1,"1",1,41.2,1
"10","2012-28",182.2,"DC006",72,"M","2012","28","W",1,"1",1,40.6,1
"11","2012-28",182.2,"DC007",73,"M","2012","28","W",1,"1",1,42.5,1
"12","2012-40",190.5,"DC020",86,"F","2012","40","P",1,"1",0,33.9,0
"13","2012-42",190.5,"DC042",103,"M","2012","42","P",1,"1",1,31,1
"14","2012-42",190.5,"DC041",102,"M","2012","42","P",1,"1",1,35.9,1
"15","2012-51",190.5,"DC028",94,"F","2012","51","P",1,"1",1,28.3,0
"16","2012-51",190.5,"DC026",92,"M","2012","51","P",1,"1",1,37.8,1
"17","2012-51",190.5,"DC027",93,"F","2012","51","P",1,"1",1,27.6,0
"18","2012-51",190.5,"DC025",91,"M","2012","51","P",1,"1",1,35.7,1
"19","2012-52",190.5,"DC044",105,"F","2012","52","W",1,"1",1,29.9,0
"20","2012-52",190.5,"DC043",104,"F","2012","52","W",1,"1",1,30.8,0
"21","2012-52",190.5,"DC046",107,"M","2012","52","W",1,"1",1,22.8,1
"22","2012-52",190.5,"DC045",106,"F","2012","52","W",1,"1",1,26.3,0
"23","2012-57",190.5,"DC009",75,"M","2012","57","W",1,"1",1,32.2,1
"24","2012-57",190.5,"DC010",76,"M","2012","57","W",1,"1",1,28.6,1
"25","2012-57",190.5,"DC008",74,"M","2012","57","W",1,"1",1,31.2,1
"26","2012-59",190.5,"DC035",100,"F","2012","59","W",1,"1",1,33.9,0
"27","2012-59",190.5,"DC033",98,"F","2012","59","W",1,"1",1,38.5,0
"28","2012-59",190.5,"DC034",99,"F","2012","59","W",1,"1",1,36.6,0
"29","2012-65",190.5,"DC021",87,"M","2012","65","W",1,"1",1,28.2,1
"30","2012-65",190.5,"DC022",88,"M","2012","65","W",1,"1",0,28.7,1
"31","2012-65",190.5,"DC023",89,"F","2012","65","W",1,"1",1,26.8,0
"32","2012-65",190.5,"DC024",90,"F","2012","65","W",1,"1",1,21.8,0
"33","2012-68",190.5,"DC116",132,"F","2012","68","W",1,"1",0,30.3,0
"34","2012-68",190.5,"DC117",133,"M","2012","68","W",1,"1",0,32.8,1
"35","2012-7",190.5,"DC049",110,"F","2012","7","P",1,"1",1,34.2,0
"36","2012-7",190.5,"DC048",109,"F","2012","7","P",1,"1",1,37.9,0
"37","2012-7",190.5,"DC050",111,"M","2012","7","P",1,"1",0,30,1
"38","2012-7",190.5,"DC047",108,"M","2012","7","P",1,"1",1,34.9,1
"39","2012-74",190.5,"DC110",130,"F","2012","74","W",1,"1",1,30.3,0
"40","2012-75",110.5,"DC001",69,"M","2012","75","P",1,"1",1,38.8,1
"41","2012-75",110.5,"DC002",70,"F","2012","75","P",1,"1",1,28.2,0
"42","2012-75",110.5,"DC003",71,"F","2012","75","P",1,"1",1,34.6,0
"43","2012-76",190.5,"DC060",114,"M","2012","76","P",1,"1",1,36.3,1
"44","2012-76",190.5,"DC063",115,"M","2012","76","P",1,"1",1,31.1,1
"45","2012-77",190.5,"DC107",127,"F","2012","77","W",1,"1",1,35.6,0
"46","2012-77",190.5,"DC108",128,"M","2012","77","W",1,"1",1,38,1
"47","2012-77",190.5,"DC109",129,"M","2012","77","W",1,"1",1,32.2,1
"48","2012-87",190.5,"DC054",113,"F","2012","87","P",1,"1",0,33,0
"49","2012-90",190.5,"DC014",80,"F","2012","90","P",1,"1",1,30.3,0
"50","2012-90",190.5,"DC013",79,"M","2012","90","P",1,"1",1,36.7,1
"51","2012-90",190.5,"DC016",82,"M","2012","90","P",1,"1",1,28.7,1
"52","2012-90",190.5,"DC015",81,"F","2012","90","P",1,"1",1,34.4,0
"53","2012-91",190.7,"DC068",118,"F","2012","91","P",1,"1",1,35.1,0
"54","2012-91",190.7,"DC069",119,"F","2012","91","P",1,"1",1,32.5,0
"55","2012-91",190.7,"DC070",120,"F","2012","91","P",1,"1",1,28,0
"56","2012-92",190.5,"DC018",84,"F","2012","92","W",1,"1",1,37,0
"57","2012-92",190.5,"DC019",85,"M","2012","92","W",1,"1",1,36.7,1
"58","2012-92",190.5,"DC017",83,"F","2012","92","W",1,"1",1,28.8,0
"59","2013-103",145,"M103R",165,"M","2013","103","W",1,"1",1,NA,1
"60","2013-103",145,"M103N",168,"M","2013","103","W",1,"1",1,NA,1
"61","2013-105",191,"M105R",169,NA,"2013","105","W",1,"1",1,NA,NA
"62","2013-105",191,"M105L",176,"M","2013","105","W",1,"1",1,NA,1
"63","2013-107",127.6,"M107N",227,"M","2013","107","W",1,"1",1,NA,1
"64","2013-107",127.6,"M107R",209,"F","2013","107","W",1,"1",0,NA,0
"65","2013-107",127.6,"M107L",219,"M","2013","107","W",1,"1",1,NA,1
"66","2013-108",191,"M108B",172,"M","2013","108","W",1,"1",1,NA,1
"67","2013-108",191,"DC228",242,"M","2013","108","W",1,"1",1,30.6,1
"68","2013-108",191,"M108R",192,"M","2013","108","W",1,"1",1,NA,1
"69","2013-108",191,"M108L",182,"F","2013","108","W",1,"1",1,NA,0
"70","2013-11",124.1,"M11R",215,NA,"2013","11","P",1,"1",1,NA,NA
"71","2013-11",124.1,"M11B",233,"M","2013","11","P",1,"1",1,NA,1
"72","2013-110",132.6,"M110R",223,"M","2013","110","W",1,"1",1,NA,1
"73","2013-110",132.6,"M110L",213,"F","2013","110","W",1,"1",1,NA,0
"74","2013-110",132.6,"M110R",203,"F","2013","110","W",1,"1",1,NA,0
"75","2013-112",127.6,"M112N",214,"F","2013","112","W",1,"1",1,NA,0
"76","2013-112",127.6,"M112L",232,"M","2013","112","W",1,"1",1,NA,1
"77","2013-112",127.6,"M112R",224,"F","2013","112","W",1,"1",1,NA,0
"78","2013-115",124.1,"M115R",237,"M","2013","115","W",1,"1",1,NA,1
"79","2013-115",124.1,"M115L",228,"F","2013","115","W",1,"1",1,NA,0
"80","2013-118",142.5,"M118L",212,"F","2013","118","W",1,"1",1,NA,0
"81","2013-118",142.5,"M118N",230,"F","2013","118","W",1,"1",1,NA,0
"82","2013-118",142.5,"M118R",222,"F","2013","118","W",1,"1",1,NA,0
"83","2013-122",127.6,"M122N",200,"F","2013","122","W",1,"1",1,NA,0
"84","2013-125",124.1,"M125R",198,"M","2013","125","W",1,"1",0,NA,1
"85","2013-125",124.1,"M125N",164,"M","2013","125","W",1,"1",0,NA,1
"86","2013-125",124.1,"M125L",179,"M","2013","125","W",1,"1",0,NA,1
"87","2013-127",191,"DC231",243,NA,"2013","127","W",1,"1",1,31.2,NA
"88","2013-127",191,"M127L",185,"F","2013","127","W",1,"1",1,NA,0
"89","2013-128",191,"M128R",167,"F","2013","128","W",1,"1",1,NA,0
"90","2013-128",191,"M128TOES",195,"M","2013","128","W",1,"1",1,NA,1
"91","2013-128",191,"M128L",197,"M","2013","128","W",1,"1",1,NA,1
"92","2013-128",191,"M128B",181,"F","2013","128","W",1,"1",1,NA,0
"93","2013-129",191,"M129L",173,"F","2013","129","W",1,"1",0,NA,0
"94","2013-129",191,"M129R",188,"M","2013","129","W",1,"1",0,NA,1
"95","2013-19",145,"M19N",216,"M","2013","19","P",1,"1",1,NA,1
"96","2013-19",145,"M19B",207,"F","2013","19","P",1,"1",1,NA,0
"97","2013-35",159.4,"M35N",180,"F","2013","35","P",1,"1",1,NA,0
"98","2013-35",159.4,"M35R",178,"M","2013","35","P",1,"1",1,NA,1
"99","2013-42",123.8,"M42N",210,"M","2013","42","P",1,"1",0,NA,1
"100","2013-59",124.1,"M59L",220,"M","2013","59","P",1,"1",1,NA,1
"101","2013-59",124.1,"M59B",177,"M","2013","59","P",1,"1",0,NA,1
"102","2013-65",145,"DC214",241,"M","2013","65","P",1,"1",1,34.3,1
"103","2013-65",145,"M65R",175,"M","2013","65","P",1,"1",1,NA,1
"104","2013-65",145,"M65L",161,"F","2013","65","P",1,"1",1,NA,0
"105","2013-66",145,"M66R",238,"M","2013","66","P",1,"1",1,NA,1
"106","2013-74",145,"M74B",196,"M","2013","74","P",1,"1",1,NA,1
"107","2013-74",145,"M74L",221,"F","2013","74","P",1,"1",1,NA,0
"108","2013-74",145,"M74R",229,"F","2013","74","P",1,"1",1,NA,0
"109","2013-74",145,"DC211",240,"F","2013","74","P",1,"1",1,30.1,0
"110","2013-75",132.6,"M75R",231,"F","2013","75","P",1,"1",1,NA,0
"111","2013-75",132.6,"M75L",199,"F","2013","75","P",1,"1",1,NA,0
"112","2013-75",132.6,"DC197",239,NA,"2013","75","P",1,"1",1,31.7,NA
"113","2013-86",145,"M86B",234,"F","2013","86","P",1,"1",0,NA,0
"114","2013-86",145,"M86L",211,"F","2013","86","P",1,"1",1,NA,0
"115","2013-86",145,"M86R",202,"M","2013","86","P",1,"1",1,NA,1
"116","2013-87",132.6,"M87N",171,"M","2013","87","P",1,"1",0,NA,1
"117","2013-87",132.6,"M87R",190,"M","2013","87","P",1,"1",1,NA,1
"118","2013-87",132.6,"M87L",163,"M","2013","87","P",1,"1",1,NA,1
"119","2013-88",127.6,"M88N",204,"F","2013","88","P",1,"1",1,NA,0
"120","2013-89",126.7,"M89R",162,"M","2013","89","P",1,"1",1,NA,1
"121","2013-89",126.7,"M89L",194,"M","2013","89","P",1,"1",1,NA,1
"122","2013-90",127.6,"M90B",226,"M","2013","90","P",1,"1",1,NA,1
"123","2013-90",127.6,"M90R",208,"M","2013","90","P",1,"1",1,NA,1
"124","2013-90",127.6,"M90B",235,"M","2013","90","P",1,"1",1,NA,1
"125","2013-90",127.6,"M90L",217,"F","2013","90","P",1,"1",1,NA,0
"126","2013-91",159.4,"M91R",174,"M","2013","91","W",1,"1",1,NA,1
"127","2013-91",159.4,"M91N",191,"M","2013","91","W",1,"1",1,NA,1
"128","2013-92",105,"M92R",206,"F","2013","92","P",1,"1",1,NA,0
"129","2013-92",105,"M92R",201,"F","2013","92","P",1,"1",1,NA,0
"130","2013-93",124.1,"M93R",205,"F","2013","93","P",1,"1",0,NA,0
"131","2013-95",124.1,"M95R",187,"M","2013","95","P",1,"1",0,NA,1
"132","2013-95",124.1,"M95B",184,"F","2013","95","P",1,"1",0,NA,0
"133","2013-95",124.1,"M95L",186,"M","2013","95","P",1,"1",0,NA,1
"134","2013-95",124.1,"M95N",170,"F","2013","95","P",1,"1",0,NA,0
"135","2015-100",67.3,"100-R",71,"M","2015","100","P",1,"1",1,28.24,1
"136","2015-100",67.3,"100-L",80,"F","2015","100","P",1,"1",1,16.75,0
"137","2015-103",67.3,"103-B",58,"M","2015","103","P",1,"1",0,NA,1
"138","2015-103",67.3,"103-L",57,"M","2015","103","P",1,"1",0,NA,1
"139","2015-103",67.3,"103-R",56,"M","2015","103","P",1,"1",0,NA,1
"140","2015-103.2",NA,"103.2-B",107,"M","2015","103.2","P",0,"2",1,40.96,1
"141","2015-103.2",NA,"103.2-L",106,"M","2015","103.2","P",0,"2",1,41.18,1
"142","2015-103.2",NA,"103.2-R",127,"M","2015","103.2","P",0,"2",1,42.02,1
"143","2015-108",67.3,"108-L",61,"M","2015","108","W",1,"1",0,NA,1
"144","2015-108.2",NA,"108.2-B",93,"F","2015","108.2","W",0,"2",1,33.28,0
"145","2015-108.2",NA,"108.2-L",92,"F","2015","108.2","W",0,"2",0,34.36,0
"146","2015-108.2",NA,"108.2-N",94,"M","2015","108.2","W",0,"2",0,29.14,1
"147","2015-108.2",NA,"108.2-R",91,"F","2015","108.2","W",0,"2",1,30.51,0
"148","2015-109",67.3,"109-R",99,"F","2015","109","W",0,"1",0,NA,0
"149","2015-109",67.3,"109-B",42,"F","2015","109","W",1,"1",0,NA,0
"150","2015-109",67.3,"109-R",41,"F","2015","109","W",1,"1",0,NA,0
"151","2015-109",67.3,"109-L",100,"F","2015","109","W",0,"1",0,NA,0
"152","2015-109",67.3,"109-R",99,"F","2015","109","W",0,"1",0,NA,0
"153","2015-109",67.3,"109-B",42,"F","2015","109","W",1,"1",0,NA,0
"154","2015-109",67.3,"109-R",41,"F","2015","109","W",1,"1",0,NA,0
"155","2015-109",67.3,"109-L",100,"F","2015","109","W",0,"1",0,NA,0
"156","2015-111",67.3,"111-L",34,"F","2015","111","P",1,"1",1,35.1,0
"157","2015-111",67.3,"111-R",33,"F","2015","111","P",1,"1",0,36.5,0
"158","2015-115",67.3,"115-R",35,"F","2015","115","W",1,"1",0,NA,0
"159","2015-115",67.3,"115-L",36,"M","2015","115","W",1,"1",0,NA,1
"160","2015-115.2",NA,"115.2-L",88,"M","2015","115.2","W",0,"2",0,NA,1
"161","2015-115.2",NA,"115.2-R",87,"F","2015","115.2","W",0,"2",0,NA,0
"162","2015-117.2",NA,"117.2-B",135,NA,"2015","117.2","P",0,"2",1,35.16,NA
"163","2015-117.2",NA,"117.2-L",109,"M","2015","117.2","P",0,"2",1,39.44,1
"164","2015-117.2",NA,"117.2-R",134,NA,"2015","117.2","P",0,"2",1,34.82,NA
"165","2015-122",67.3,"122-L",32,"M","2015","122","W",1,"1",0,NA,1
"166","2015-122",67.3,"122-R",31,"M","2015","122","W",1,"1",0,NA,1
"167","2015-129",67.3,"129-L",24,"M","2015","129","W",1,"1",0,28,1
"168","2015-129",67.3,"129-R",23,NA,"2015","129","W",1,"1",0,23.7,NA
"169","2015-131",67.3,"131-L",6,"F","2015","131","W",1,"1",0,31.63,0
"170","2015-131",67.3,"131-R",5,"F","2015","131","W",1,"1",1,0,0
"171","2015-131.2",NA,"131.2-B",90,"F","2015","131.2","W",0,"2",1,37.96,0
"172","2015-131.2",NA,"131.2-R",89,"F","2015","131.2","W",0,"2",1,37.57,0
"173","2015-132",69.8,"132-B",77,"M","2015","132","W",1,"1",0,NA,1
"174","2015-132",69.8,"132-N",78,"M","2015","132","W",1,"1",0,NA,1
"175","2015-132",69.8,"132-L",76,"M","2015","132","W",1,"1",1,33.4,1
"176","2015-137",67.3,"137-B",39,"M","2015","137","P",1,"1",1,28.6,1
"177","2015-137",67.3,"137-L",38,"F","2015","137","P",1,"1",1,26.1,0
"178","2015-137",67.3,"137-R",37,"F","2015","137","P",1,"1",0,23.3,0
"179","2015-137.2",NA,"137.2-L",129,"F","2015","137.2","P",0,"2",1,33.6,0
"180","2015-137.2",NA,"137.2-N",146,NA,"2015","137.2","P",0,"2",1,35.2,NA
"181","2015-137.2",NA,"137.2-R",128,"F","2015","137.2","P",0,"2",1,33.92,0
"182","2015-138",102.8,"138-N",82,"F","2015","138","P",1,"1",1,28.7,0
"183","2015-138",102.8,"138-L",81,"F","2015","138","P",1,"1",1,30.4,0
"184","2015-138.2",NA,"138.2-R",154,"F","2015","138.2","P",0,"2",1,33.79,0
"185","2015-138.2",NA,"138.2-S",160,"F","2015","138.2","P",0,"2",1,25.91,0
"186","2015-138.2",NA,"138.2-B",156,"F","2015","138.2","P",0,"2",1,32.96,0
"187","2015-138.2",NA,"138.2-L",155,"M","2015","138.2","P",0,"2",1,38.6,1
"188","2015-138.2",NA,"138.2-N",157,"F","2015","138.2","P",0,"2",1,29.45,0
"189","2015-140",67.3,"140-L",22,"M","2015","140","W",1,"1",1,29.5,1
"190","2015-140",67.3,"140-R",21,"M","2015","140","W",1,"1",1,33.1,1
"191","2015-2",67.3,"2-L",12,"F","2015","2","P",1,"1",0,32.12,0
"192","2015-2",67.3,"2-R",59,"M","2015","2","P",1,"1",0,39.22,1
"193","2015-2",67.3,"2-B",60,"F","2015","2","P",1,"1",1,31.8,0
"194","2015-2.2",NA,"2.2-B",130,"F","2015","2.2","P",0,"2",1,37.83,0
"195","2015-2.2",NA,"2.2-L",105,"F","2015","2.2","P",0,"2",1,38.29,0
"196","2015-2.2",NA,"2.2-N",132,NA,"2015","2.2","P",0,"2",1,38.25,NA
"197","2015-2.2",NA,"2.2-R",131,"F","2015","2.2","P",0,"2",1,38.13,0
"198","2015-2.2",NA,"2.2-S",133,"M","2015","2.2","P",0,"2",1,31.86,1
"199","2015-20",67.3,"20-B",19,"F","2015","20","W",1,"1",1,33.76,0
"200","2015-20",67.3,"20-R",17,"M","2015","20","W",1,"1",1,41.01,1
"201","2015-20",67.3,"20-L",18,"F","2015","20","W",1,"1",1,30.04,0
"202","2015-24",67.3,"24-L",65,"F","2015","24","P",1,"1",1,34.1,0
"203","2015-24",67.3,"24-N",66,"M","2015","24","P",1,"1",0,24.8,1
"204","2015-24",67.3,"24-R",64,"M","2015","24","P",1,"1",1,36.8,1
"205","2015-24.2",NA,"24.2-L",140,NA,"2015","24.2","W",0,"2",0,0,NA
"206","2015-24.2",NA,"24.2-N",139,"M","2015","24.2","W",0,"2",1,0,1
"207","2015-24.2",NA,"24.2-R",138,"M","2015","24.2","W",0,"2",0,0,1
"208","2015-25",67.3,"25-L",68,"M","2015","25","P",1,"1",1,38.8,1
"209","2015-25",67.3,"25-N",70,"F","2015","25","P",1,"1",0,NA,0
"210","2015-25",67.3,"25-R",67,"F","2015","25","P",1,"1",1,32.7,0
"211","2015-25",67.3,"25-B",69,"M","2015","25","P",1,"1",1,38.9,1
"212","2015-35",67.3,"35-R",13,NA,"2015","35","W",1,"1",0,31.73,NA
"213","2015-35",67.3,"35-L",46,"F","2015","35","W",1,"1",0,29.34,0
"214","2015-35.2",NA,"35.2-N",118,"M","2015","35.2","W",0,"2",0,NA,1
"215","2015-35.2",NA,"35.2-L",117,"F","2015","35.2","W",0,"2",0,NA,0
"216","2015-42",67.3,"42-L",44,"M","2015","42","W",1,"1",0,32.8,1
"217","2015-42",67.3,"42-N",45,"M","2015","42","W",1,"1",0,35.8,1
"218","2015-42",67.3,"42-R",43,"M","2015","42","W",1,"1",0,NA,1
"219","2015-52",67.3,"52-L",26,"M","2015","52","P",1,"1",1,38.2,1
"220","2015-52",67.3,"52-N",27,NA,"2015","52","P",1,"1",0,NA,NA
"221","2015-52",67.3,"52-R",25,NA,"2015","52","P",1,"1",1,38.5,NA
"222","2015-52.2",NA,"52.2-B",121,"M","2015","52.2","P",0,"2",0,NA,1
"223","2015-52.2",NA,"52.2-L",120,"M","2015","52.2","P",0,"2",1,37.58,1
"224","2015-52.2",NA,"52.2-R",119,"F","2015","52.2","P",0,"2",1,35.03,0
"225","2015-53",67.3,"53-R",62,"M","2015","53","W",1,"1",0,22.2,1
"226","2015-53",67.3,"53-L",63,"M","2015","53","W",1,"1",0,20.5,1
"227","2015-59",67.3,"59-R",7,"F","2015","59","P",1,"1",1,36.61,0
"228","2015-59",67.3,"59-B",8,"F","2015","59","P",1,"1",1,35.91,0
"229","2015-7",102.8,"7-L",84,"F","2015","7","W",1,"1",1,25.3,0
"230","2015-7",102.8,"7-R",83,"F","2015","7","W",1,"1",0,27.3,0
"231","2015-74",67.3,"74-N",49,"M","2015","74","P",1,"1",0,NA,1
"232","2015-74",67.3,"74-R",47,"F","2015","74","P",1,"1",0,38.05,0
"233","2015-74",67.3,"74-L",48,"M","2015","74","P",1,"1",1,32.95,1
"234","2015-74.2",NA,"74.2-L",125,"M","2015","74.2","P",0,"2",1,39.93,1
"235","2015-74.2",NA,"74.2-N",145,NA,"2015","74.2","P",0,"2",1,32.66,NA
"236","2015-74.2",NA,"74.2-R",124,"F","2015","74.2","P",0,"2",1,33.35,0
"237","2015-76",67.3,"76-L",54,"F","2015","76","W",1,"1",0,NA,0
"238","2015-76",67.3,"76-R",53,"F","2015","76","W",1,"1",0,NA,0
"239","2015-76",67.3,"76-N",55,"F","2015","76","W",1,"1",0,NA,0
"240","2015-77",67.3,"77-L",51,"M","2015","77","P",1,"1",0,34.98,1
"241","2015-77",67.3,"77-N",52,"F","2015","77","P",1,"1",0,32.45,0
"242","2015-77",67.3,"77-R",50,"M","2015","77","P",1,"1",1,39.28,1
"243","2015-85",67.3,"85-L",15,"F","2015","85","W",1,"1",0,NA,0
"244","2015-85",67.3,"85-R",14,"F","2015","85","W",1,"1",1,34.1,0
"245","2015-85",67.3,"85-B",16,"F","2015","85","W",1,"1",0,32.52,0
"246","2015-88",69.8,"88-L",75,NA,"2015","88","P",1,"1",1,37.43,NA
"247","2015-88",69.8,"88-R",74,"F","2015","88","P",1,"1",1,37.37,0
"248","2015-88",69.8,"88-N",79,"F","2015","88","P",1,"1",0,NA,0
"249","2015-89",67.3,"89-B",1,"M","2015","89","P",1,"1",1,41.66,1
"250","2015-89",67.3,"89-L",4,"M","2015","89","P",1,"1",1,43.43,1
"251","2015-89",67.3,"89-R",3,"F","2015","89","P",1,"1",0,36.43,0
"252","2015-89",67.3,"89-N",2,"F","2015","89","P",1,"1",1,20.98,0
"253","2015-90",67.3,"90-R",20,"M","2015","90","P",1,"1",1,40,1
"254","2015-91",67.3,"91-L",29,"M","2015","91","P",1,"1",1,29.8,1
"255","2015-91",67.3,"91-R",28,"M","2015","91","P",1,"1",0,33.7,1
"256","2015-91",67.3,"91-N",30,"M","2015","91","P",1,"1",0,NA,1
"257","2015-91.2",NA,"91.2-B",159,"F","2015","91.2","P",0,"2",1,39.3,0
"258","2015-91.2",NA,"91.2-L",158,NA,"2015","91.2","P",0,"2",1,44.6,NA
"259","2015-91.2",NA,"91.2-R",141,"M","2015","91.2","P",0,"2",1,43.13,1
"260","2015-91.2",NA,"91.2-N",142,"M","2015","91.2","P",0,"2",1,38.5,1
"261","2015-93",67.3,"93-L",73,"F","2015","93","W",1,"1",0,NA,0
"262","2015-93",67.3,"93-R",72,"F","2015","93","W",1,"1",0,NA,0
"263","2015-95",67.3,"95-R",40,"F","2015","95","P",1,"1",1,27.8,0
"264","2015-95.2",NA,"95.2-N",144,"F","2015","95.2","P",0,"2",1,27.3,0
"265","2015-95.2",NA,"95.2-R",143,"F","2015","95.2","P",0,"2",1,34.94,0
"266","2015-95.2",NA,"95.2-L",137,"F","2015","95.2","P",0,"2",1,32.38,0
"267","2015-95.2",NA,"95.2-B",136,"F","2015","95.2","P",0,"2",1,32.37,0
"268","2015-98",67.3,"98-L",9,"M","2015","98","W",1,"1",0,25.93,1
"269","2015-98",67.3,"98-R",11,"F","2015","98","W",1,"1",0,NA,0
"270","2015-98",67.3,"98-B",10,"M","2015","98","W",1,"1",0,NA,1
"271","2015-98.2",NA,"98.2-N",126,"M","2015","98.2","W",0,"2",0,NA,1
"272","2016-100",81.9,"100-L",51,"M","2016","100","P",1,"1",1,35.77,1
"273","2016-100",81.9,"100-R",52,"M","2016","100","P",1,"1",1,41.29,1
"274","2016-103",81.9,"103-L",32,"F","2016","103","P",1,"1",1,40.42,0
"275","2016-103",81.9,"103-N",33,NA,"2016","103","P",1,"1",1,36.86,NA
"276","2016-103",81.9,"103-R",34,"F","2016","103","P",1,"1",1,40.11,0
"277","2016-107",81.9,"107-L",36,"F","2016","107","P",1,"1",1,33.85,0
"278","2016-107",81.9,"107-R",37,"F","2016","107","P",1,"1",1,31.93,0
"279","2016-107",81.9,"107-B",35,"F","2016","107","P",1,"1",1,31.74,0
"280","2016-108",72.8,"108-B",4,"M","2016","108","P",1,"1",0,NA,1
"281","2016-108",72.8,"108-L",5,"M","2016","108","P",1,"1",0,NA,1
"282","2016-108",72.8,"108-R ",6,"M","2016","108","P",1,"1",0,NA,1
"283","2016-110",72.8,"110-L",8,"M","2016","110","P",1,"1",0,38.8,1
"284","2016-110",72.8,"110-N",27,"M","2016","110","P",1,"1",1,28.25,1
"285","2016-110",72.8,"110-R",9,"F","2016","110","P",1,"1",1,33.43,0
"286","2016-110",72.8,"110-B",7,"F","2016","110","P",1,"1",1,32.5,0
"287","2016-111",72.8,"111-N",15,"F","2016","111","W",1,"1",0,25.25,0
"288","2016-111",72.8,"111-R",16,"M","2016","111","W",1,"1",1,33.99,1
"289","2016-111",72.8,"111-L",14,"M","2016","111","W",1,"1",1,35.29,1
"290","2016-122",81.9,"122-L",38,"M","2016","122","W",1,"1",0,29.5,1
"291","2016-122",81.9,"122-R",39,"F","2016","122","W",1,"1",1,34.1,0
"292","2016-124",72.8,"124-L",23,"F","2016","124","P",1,"1",1,37.89,0
"293","2016-124",72.8,"124-R",24,"M","2016","124","P",1,"1",1,42.87,1
"294","2016-124",72.8,"124-B",22,"F","2016","124","P",1,"1",1,36.28,0
"295","2016-128",72.8,"128-B",28,"F","2016","128","W",1,"1",0,21.99,0
"296","2016-128",72.8,"128-R",29,"F","2016","128","W",1,"1",0,NA,0
"297","2016-137",81.9,"137-L",45,"F","2016","137","W",1,"1",0,NA,0
"298","2016-137",81.9,"137-N",46,"M","2016","137","W",1,"1",0,NA,1
"299","2016-137",81.9,"137-R",47,"F","2016","137","W",1,"1",0,NA,0
"300","2016-140",72.8,"140-R",18,"M","2016","140","P",1,"1",1,42.94,1
"301","2016-140",72.8,"140-L",17,"M","2016","140","P",1,"1",1,39.7,1
"302","2016-24",90.6,"24-N",67,"F","2016","24","W",1,"1",1,34.27,0
"303","2016-24",90.6,"24-R",65,"M","2016","24","W",1,"1",1,41.88,1
"304","2016-25",81.9,"25-L",41,NA,"2016","25","P",1,"1",1,33.4,NA
"305","2016-25",81.9,"25-N",42,"M","2016","25","P",1,"1",1,30,1
"306","2016-25",81.9,"25-R",43,"F","2016","25","P",1,"1",0,34,0
"307","2016-25",81.9,"25-B",40,"F","2016","25","P",1,"1",1,35.5,0
"308","2016-40",81.9,"40-N",56,"F","2016","40","W",1,"1",0,19.47,0
"309","2016-40",81.9,"40-R",44,"F","2016","40","W",1,"1",0,31.51,0
"310","2016-51",81.9,"51-L",48,"M","2016","51","P",1,"1",1,33.89,1
"311","2016-51",81.9,"51-N",49,"F","2016","51","P",1,"1",1,30.28,0
"312","2016-51",81.9,"51-R",50,"M","2016","51","P",1,"1",1,39.42,1
"313","2016-52",81.9,"52-L",57,"F","2016","52","P",1,"1",0,NA,0
"314","2016-59",90.5,"59-L",62,"M","2016","59","P",1,"1",1,42.8,1
"315","2016-59",90.5,"59-N",63,"M","2016","59","P",1,"1",0,21.9,1
"316","2016-59",90.5,"59-R",64,"F","2016","59","P",1,"1",1,35.9,0
"317","2016-74",72.8,"74-L",30,"M","2016","74","W",1,"1",0,NA,1
"318","2016-74",72.8,"74-R",31,"M","2016","74","W",1,"1",0,NA,1
"319","2016-75",81.9,"75-L",53,"M","2016","75","W",1,"1",0,37.13,1
"320","2016-75",81.9,"75-N",54,"F","2016","75","W",1,"1",1,34.64,0
"321","2016-75",81.9,"75-R",55,"M","2016","75","W",1,"1",0,43.01,1
"322","2016-76",72.8,"76-B",19,"F","2016","76","W",1,"1",0,NA,0
"323","2016-76",72.8,"76-L",20,"F","2016","76","W",1,"1",0,NA,0
"324","2016-76",72.8,"76-R",21,"F","2016","76","W",1,"1",0,27.05,0
"325","2016-86",72.8,"86-B",10,"F","2016","86","W",1,"1",0,NA,0
"326","2016-86",72.8,"86-L",11,"F","2016","86","W",1,"1",0,27.28,0
"327","2016-86",72.8,"86-N",12,"M","2016","86","W",1,"1",1,25.6,1
"328","2016-86",72.8,"86-R",13,"F","2016","86","W",1,"1",0,30.05,0
"329","2016-89",72.8,"89-L",25,"M","2016","89","P",1,"1",1,40.54,1
"330","2016-89",72.8,"89-R",26,"M","2016","89","P",1,"1",1,40.6,1
"331","2016-91",81.9,"91-L",58,"F","2016","91","W",1,"1",0,NA,0
"332","2016-91",81.9,"91-R",59,"M","2016","91","W",1,"1",0,NA,1
"333","2016-92",72.8,"92-L",1,"M","2016","92","P",1,"1",1,36.23,1
"334","2016-92",72.8,"92-N",2,"M","2016","92","P",1,"1",1,34.51,1
"335","2016-92",72.8,"92-R",3,"F","2016","92","P",1,"1",1,34.21,0
"336","2016-98",115.3,"98-L",60,"M","2016","98","W",1,"1",0,NA,1
"337","2016-98",115.3,"98-R",61,"F","2016","98","W",1,"1",0,NA,0
"338","2013-111",NA,"M111R",225,"F","2013","111","W",1,"1",0,NA,0
"339","2012-86",NA,"DC101",123,NA,"2012","86","P",1,"1",1,38.3,NA
"340","2012-35",NA,"DC102",124,"F","2012","35","P",1,"1",1,33.6,0
"341","2012-35",NA,"DC103",125,"F","2012","35","P",1,"1",1,30.3,0
"342","2012-35",NA,"DC104",126,"F","2012","35","P",1,"1",1,29.4,0
"343","2015-25.2",NA,"25.2-B",149,"F","2015","25.2","P",0,"2",0,NA,0
"344","2015-25.2",NA,"25.2-R",147,"M","2015","25.2","P",0,"2",0,NA,1
"345","2015-25.2",NA,"25.2-L",148,"M","2015","25.2","P",0,"2",0,NA,1
"346","2016-74-2",NA,"74-2-R",66,"M","2016","74-2","W",1,"1",0,NA,1
